grp_SABR_Pipeline_VITIS_LOOP_31_3_fu_10070,VITIS_LOOP_31_3,upc_loop_status1.csv
grp_SABR_Pipeline_VITIS_LOOP_31_31_fu_10113,VITIS_LOOP_31_3,upc_loop_status2.csv
grp_SABR_Pipeline_VITIS_LOOP_31_32_fu_10155,VITIS_LOOP_31_3,upc_loop_status3.csv
grp_SABR_Pipeline_VITIS_LOOP_31_33_fu_10197,VITIS_LOOP_31_3,upc_loop_status4.csv
grp_SABR_Pipeline_VITIS_LOOP_31_34_fu_10239,VITIS_LOOP_31_3,upc_loop_status5.csv
grp_SABR_Pipeline_VITIS_LOOP_31_35_fu_10281,VITIS_LOOP_31_3,upc_loop_status6.csv
grp_SABR_Pipeline_VITIS_LOOP_31_36_fu_10323,VITIS_LOOP_31_3,upc_loop_status7.csv
grp_SABR_Pipeline_VITIS_LOOP_31_37_fu_10365,VITIS_LOOP_31_3,upc_loop_status8.csv
grp_SABR_Pipeline_VITIS_LOOP_31_38_fu_10407,VITIS_LOOP_31_3,upc_loop_status9.csv
grp_SABR_Pipeline_VITIS_LOOP_31_39_fu_10449,VITIS_LOOP_31_3,upc_loop_status10.csv
grp_SABR_Pipeline_VITIS_LOOP_31_310_fu_10491,VITIS_LOOP_31_3,upc_loop_status11.csv
grp_SABR_Pipeline_VITIS_LOOP_31_311_fu_10533,VITIS_LOOP_31_3,upc_loop_status12.csv
grp_SABR_Pipeline_VITIS_LOOP_31_312_fu_10575,VITIS_LOOP_31_3,upc_loop_status13.csv
grp_SABR_Pipeline_VITIS_LOOP_31_313_fu_10617,VITIS_LOOP_31_3,upc_loop_status14.csv
grp_SABR_Pipeline_VITIS_LOOP_31_314_fu_10659,VITIS_LOOP_31_3,upc_loop_status15.csv
grp_SABR_Pipeline_VITIS_LOOP_31_315_fu_10701,VITIS_LOOP_31_3,upc_loop_status16.csv
grp_SABR_Pipeline_VITIS_LOOP_31_316_fu_10743,VITIS_LOOP_31_3,upc_loop_status17.csv
grp_SABR_Pipeline_VITIS_LOOP_31_317_fu_10785,VITIS_LOOP_31_3,upc_loop_status18.csv
grp_SABR_Pipeline_VITIS_LOOP_31_318_fu_10827,VITIS_LOOP_31_3,upc_loop_status19.csv
grp_SABR_Pipeline_VITIS_LOOP_31_319_fu_10869,VITIS_LOOP_31_3,upc_loop_status20.csv
grp_SABR_Pipeline_VITIS_LOOP_31_320_fu_10911,VITIS_LOOP_31_3,upc_loop_status21.csv
grp_SABR_Pipeline_VITIS_LOOP_31_321_fu_10953,VITIS_LOOP_31_3,upc_loop_status22.csv
grp_SABR_Pipeline_VITIS_LOOP_31_322_fu_10995,VITIS_LOOP_31_3,upc_loop_status23.csv
grp_SABR_Pipeline_VITIS_LOOP_31_323_fu_11037,VITIS_LOOP_31_3,upc_loop_status24.csv
grp_SABR_Pipeline_VITIS_LOOP_31_324_fu_11079,VITIS_LOOP_31_3,upc_loop_status25.csv
grp_SABR_Pipeline_VITIS_LOOP_31_325_fu_11121,VITIS_LOOP_31_3,upc_loop_status26.csv
grp_SABR_Pipeline_VITIS_LOOP_31_326_fu_11163,VITIS_LOOP_31_3,upc_loop_status27.csv
grp_SABR_Pipeline_VITIS_LOOP_31_327_fu_11205,VITIS_LOOP_31_3,upc_loop_status28.csv
grp_SABR_Pipeline_VITIS_LOOP_31_328_fu_11247,VITIS_LOOP_31_3,upc_loop_status29.csv
grp_SABR_Pipeline_VITIS_LOOP_31_329_fu_11289,VITIS_LOOP_31_3,upc_loop_status30.csv
grp_SABR_Pipeline_VITIS_LOOP_31_330_fu_11331,VITIS_LOOP_31_3,upc_loop_status31.csv
grp_SABR_Pipeline_VITIS_LOOP_31_331_fu_11373,VITIS_LOOP_31_3,upc_loop_status32.csv
grp_SABR_Pipeline_VITIS_LOOP_31_332_fu_11415,VITIS_LOOP_31_3,upc_loop_status33.csv
grp_SABR_Pipeline_VITIS_LOOP_31_333_fu_11457,VITIS_LOOP_31_3,upc_loop_status34.csv
grp_SABR_Pipeline_VITIS_LOOP_31_334_fu_11499,VITIS_LOOP_31_3,upc_loop_status35.csv
grp_SABR_Pipeline_VITIS_LOOP_31_335_fu_11541,VITIS_LOOP_31_3,upc_loop_status36.csv
grp_SABR_Pipeline_VITIS_LOOP_31_336_fu_11583,VITIS_LOOP_31_3,upc_loop_status37.csv
grp_SABR_Pipeline_VITIS_LOOP_31_337_fu_11625,VITIS_LOOP_31_3,upc_loop_status38.csv
grp_SABR_Pipeline_VITIS_LOOP_31_338_fu_11667,VITIS_LOOP_31_3,upc_loop_status39.csv
grp_SABR_Pipeline_VITIS_LOOP_31_339_fu_11709,VITIS_LOOP_31_3,upc_loop_status40.csv
grp_SABR_Pipeline_VITIS_LOOP_31_340_fu_11751,VITIS_LOOP_31_3,upc_loop_status41.csv
grp_SABR_Pipeline_VITIS_LOOP_31_341_fu_11793,VITIS_LOOP_31_3,upc_loop_status42.csv
grp_SABR_Pipeline_VITIS_LOOP_31_342_fu_11835,VITIS_LOOP_31_3,upc_loop_status43.csv
grp_SABR_Pipeline_VITIS_LOOP_31_343_fu_11877,VITIS_LOOP_31_3,upc_loop_status44.csv
grp_SABR_Pipeline_VITIS_LOOP_31_344_fu_11919,VITIS_LOOP_31_3,upc_loop_status45.csv
grp_SABR_Pipeline_VITIS_LOOP_31_345_fu_11961,VITIS_LOOP_31_3,upc_loop_status46.csv
grp_SABR_Pipeline_VITIS_LOOP_31_346_fu_12003,VITIS_LOOP_31_3,upc_loop_status47.csv
grp_SABR_Pipeline_VITIS_LOOP_31_347_fu_12045,VITIS_LOOP_31_3,upc_loop_status48.csv
grp_SABR_Pipeline_VITIS_LOOP_31_348_fu_12087,VITIS_LOOP_31_3,upc_loop_status49.csv
grp_SABR_Pipeline_VITIS_LOOP_31_349_fu_12129,VITIS_LOOP_31_3,upc_loop_status50.csv
grp_SABR_Pipeline_VITIS_LOOP_31_350_fu_12171,VITIS_LOOP_31_3,upc_loop_status51.csv
grp_SABR_Pipeline_VITIS_LOOP_31_351_fu_12213,VITIS_LOOP_31_3,upc_loop_status52.csv
grp_SABR_Pipeline_VITIS_LOOP_31_352_fu_12255,VITIS_LOOP_31_3,upc_loop_status53.csv
grp_SABR_Pipeline_VITIS_LOOP_31_353_fu_12297,VITIS_LOOP_31_3,upc_loop_status54.csv
grp_SABR_Pipeline_VITIS_LOOP_31_354_fu_12339,VITIS_LOOP_31_3,upc_loop_status55.csv
grp_SABR_Pipeline_VITIS_LOOP_31_355_fu_12381,VITIS_LOOP_31_3,upc_loop_status56.csv
grp_SABR_Pipeline_VITIS_LOOP_31_356_fu_12423,VITIS_LOOP_31_3,upc_loop_status57.csv
grp_SABR_Pipeline_VITIS_LOOP_31_357_fu_12465,VITIS_LOOP_31_3,upc_loop_status58.csv
grp_SABR_Pipeline_VITIS_LOOP_31_358_fu_12507,VITIS_LOOP_31_3,upc_loop_status59.csv
grp_SABR_Pipeline_VITIS_LOOP_31_359_fu_12549,VITIS_LOOP_31_3,upc_loop_status60.csv
grp_SABR_Pipeline_VITIS_LOOP_31_360_fu_12591,VITIS_LOOP_31_3,upc_loop_status61.csv
grp_SABR_Pipeline_VITIS_LOOP_31_361_fu_12633,VITIS_LOOP_31_3,upc_loop_status62.csv
grp_SABR_Pipeline_VITIS_LOOP_31_362_fu_12675,VITIS_LOOP_31_3,upc_loop_status63.csv
grp_SABR_Pipeline_VITIS_LOOP_31_363_fu_12717,VITIS_LOOP_31_3,upc_loop_status64.csv
grp_SABR_Pipeline_VITIS_LOOP_31_364_fu_12759,VITIS_LOOP_31_3,upc_loop_status65.csv
grp_SABR_Pipeline_VITIS_LOOP_31_365_fu_12801,VITIS_LOOP_31_3,upc_loop_status66.csv
grp_SABR_Pipeline_VITIS_LOOP_31_366_fu_12843,VITIS_LOOP_31_3,upc_loop_status67.csv
grp_SABR_Pipeline_VITIS_LOOP_31_367_fu_12885,VITIS_LOOP_31_3,upc_loop_status68.csv
grp_SABR_Pipeline_VITIS_LOOP_31_368_fu_12927,VITIS_LOOP_31_3,upc_loop_status69.csv
grp_SABR_Pipeline_VITIS_LOOP_31_369_fu_12969,VITIS_LOOP_31_3,upc_loop_status70.csv
grp_SABR_Pipeline_VITIS_LOOP_31_370_fu_13011,VITIS_LOOP_31_3,upc_loop_status71.csv
grp_SABR_Pipeline_VITIS_LOOP_31_371_fu_13053,VITIS_LOOP_31_3,upc_loop_status72.csv
grp_SABR_Pipeline_VITIS_LOOP_31_372_fu_13095,VITIS_LOOP_31_3,upc_loop_status73.csv
grp_SABR_Pipeline_VITIS_LOOP_31_373_fu_13137,VITIS_LOOP_31_3,upc_loop_status74.csv
grp_SABR_Pipeline_VITIS_LOOP_31_374_fu_13179,VITIS_LOOP_31_3,upc_loop_status75.csv
grp_SABR_Pipeline_VITIS_LOOP_31_375_fu_13221,VITIS_LOOP_31_3,upc_loop_status76.csv
grp_SABR_Pipeline_VITIS_LOOP_31_376_fu_13263,VITIS_LOOP_31_3,upc_loop_status77.csv
grp_SABR_Pipeline_VITIS_LOOP_31_377_fu_13305,VITIS_LOOP_31_3,upc_loop_status78.csv
grp_SABR_Pipeline_VITIS_LOOP_31_378_fu_13347,VITIS_LOOP_31_3,upc_loop_status79.csv
grp_SABR_Pipeline_VITIS_LOOP_31_379_fu_13389,VITIS_LOOP_31_3,upc_loop_status80.csv
grp_SABR_Pipeline_VITIS_LOOP_31_380_fu_13431,VITIS_LOOP_31_3,upc_loop_status81.csv
grp_SABR_Pipeline_VITIS_LOOP_31_381_fu_13473,VITIS_LOOP_31_3,upc_loop_status82.csv
grp_SABR_Pipeline_VITIS_LOOP_31_382_fu_13515,VITIS_LOOP_31_3,upc_loop_status83.csv
grp_SABR_Pipeline_VITIS_LOOP_31_383_fu_13557,VITIS_LOOP_31_3,upc_loop_status84.csv
grp_SABR_Pipeline_VITIS_LOOP_31_384_fu_13599,VITIS_LOOP_31_3,upc_loop_status85.csv
grp_SABR_Pipeline_VITIS_LOOP_31_385_fu_13641,VITIS_LOOP_31_3,upc_loop_status86.csv
grp_SABR_Pipeline_VITIS_LOOP_31_386_fu_13683,VITIS_LOOP_31_3,upc_loop_status87.csv
grp_SABR_Pipeline_VITIS_LOOP_31_387_fu_13725,VITIS_LOOP_31_3,upc_loop_status88.csv
grp_SABR_Pipeline_VITIS_LOOP_31_388_fu_13767,VITIS_LOOP_31_3,upc_loop_status89.csv
grp_SABR_Pipeline_VITIS_LOOP_31_389_fu_13809,VITIS_LOOP_31_3,upc_loop_status90.csv
grp_SABR_Pipeline_VITIS_LOOP_31_390_fu_13851,VITIS_LOOP_31_3,upc_loop_status91.csv
grp_SABR_Pipeline_VITIS_LOOP_31_391_fu_13893,VITIS_LOOP_31_3,upc_loop_status92.csv
grp_SABR_Pipeline_VITIS_LOOP_31_392_fu_13935,VITIS_LOOP_31_3,upc_loop_status93.csv
grp_SABR_Pipeline_VITIS_LOOP_31_393_fu_13977,VITIS_LOOP_31_3,upc_loop_status94.csv
grp_SABR_Pipeline_VITIS_LOOP_31_394_fu_14019,VITIS_LOOP_31_3,upc_loop_status95.csv
grp_SABR_Pipeline_VITIS_LOOP_31_395_fu_14061,VITIS_LOOP_31_3,upc_loop_status96.csv
grp_SABR_Pipeline_VITIS_LOOP_31_396_fu_14103,VITIS_LOOP_31_3,upc_loop_status97.csv
grp_SABR_Pipeline_VITIS_LOOP_31_397_fu_14145,VITIS_LOOP_31_3,upc_loop_status98.csv
grp_SABR_Pipeline_VITIS_LOOP_31_398_fu_14187,VITIS_LOOP_31_3,upc_loop_status99.csv
grp_SABR_Pipeline_VITIS_LOOP_31_399_fu_14229,VITIS_LOOP_31_3,upc_loop_status100.csv
