,AESL_inst_SABR,,module_status1.csv
,grp_SABR_Pipeline_VITIS_LOOP_31_3_fu_10070,,module_status2.csv
,grp_SABR_Pipeline_VITIS_LOOP_31_31_fu_10113,,module_status3.csv
,grp_SABR_Pipeline_VITIS_LOOP_31_32_fu_10155,,module_status4.csv
,grp_SABR_Pipeline_VITIS_LOOP_31_33_fu_10197,,module_status5.csv
,grp_SABR_Pipeline_VITIS_LOOP_31_34_fu_10239,,module_status6.csv
,grp_SABR_Pipeline_VITIS_LOOP_31_35_fu_10281,,module_status7.csv
,grp_SABR_Pipeline_VITIS_LOOP_31_36_fu_10323,,module_status8.csv
,grp_SABR_Pipeline_VITIS_LOOP_31_37_fu_10365,,module_status9.csv
,grp_SABR_Pipeline_VITIS_LOOP_31_38_fu_10407,,module_status10.csv
,grp_SABR_Pipeline_VITIS_LOOP_31_39_fu_10449,,module_status11.csv
,grp_SABR_Pipeline_VITIS_LOOP_31_310_fu_10491,,module_status12.csv
,grp_SABR_Pipeline_VITIS_LOOP_31_311_fu_10533,,module_status13.csv
,grp_SABR_Pipeline_VITIS_LOOP_31_312_fu_10575,,module_status14.csv
,grp_SABR_Pipeline_VITIS_LOOP_31_313_fu_10617,,module_status15.csv
,grp_SABR_Pipeline_VITIS_LOOP_31_314_fu_10659,,module_status16.csv
,grp_SABR_Pipeline_VITIS_LOOP_31_315_fu_10701,,module_status17.csv
,grp_SABR_Pipeline_VITIS_LOOP_31_316_fu_10743,,module_status18.csv
,grp_SABR_Pipeline_VITIS_LOOP_31_317_fu_10785,,module_status19.csv
,grp_SABR_Pipeline_VITIS_LOOP_31_318_fu_10827,,module_status20.csv
,grp_SABR_Pipeline_VITIS_LOOP_31_319_fu_10869,,module_status21.csv
,grp_SABR_Pipeline_VITIS_LOOP_31_320_fu_10911,,module_status22.csv
,grp_SABR_Pipeline_VITIS_LOOP_31_321_fu_10953,,module_status23.csv
,grp_SABR_Pipeline_VITIS_LOOP_31_322_fu_10995,,module_status24.csv
,grp_SABR_Pipeline_VITIS_LOOP_31_323_fu_11037,,module_status25.csv
,grp_SABR_Pipeline_VITIS_LOOP_31_324_fu_11079,,module_status26.csv
,grp_SABR_Pipeline_VITIS_LOOP_31_325_fu_11121,,module_status27.csv
,grp_SABR_Pipeline_VITIS_LOOP_31_326_fu_11163,,module_status28.csv
,grp_SABR_Pipeline_VITIS_LOOP_31_327_fu_11205,,module_status29.csv
,grp_SABR_Pipeline_VITIS_LOOP_31_328_fu_11247,,module_status30.csv
,grp_SABR_Pipeline_VITIS_LOOP_31_329_fu_11289,,module_status31.csv
,grp_SABR_Pipeline_VITIS_LOOP_31_330_fu_11331,,module_status32.csv
,grp_SABR_Pipeline_VITIS_LOOP_31_331_fu_11373,,module_status33.csv
,grp_SABR_Pipeline_VITIS_LOOP_31_332_fu_11415,,module_status34.csv
,grp_SABR_Pipeline_VITIS_LOOP_31_333_fu_11457,,module_status35.csv
,grp_SABR_Pipeline_VITIS_LOOP_31_334_fu_11499,,module_status36.csv
,grp_SABR_Pipeline_VITIS_LOOP_31_335_fu_11541,,module_status37.csv
,grp_SABR_Pipeline_VITIS_LOOP_31_336_fu_11583,,module_status38.csv
,grp_SABR_Pipeline_VITIS_LOOP_31_337_fu_11625,,module_status39.csv
,grp_SABR_Pipeline_VITIS_LOOP_31_338_fu_11667,,module_status40.csv
,grp_SABR_Pipeline_VITIS_LOOP_31_339_fu_11709,,module_status41.csv
,grp_SABR_Pipeline_VITIS_LOOP_31_340_fu_11751,,module_status42.csv
,grp_SABR_Pipeline_VITIS_LOOP_31_341_fu_11793,,module_status43.csv
,grp_SABR_Pipeline_VITIS_LOOP_31_342_fu_11835,,module_status44.csv
,grp_SABR_Pipeline_VITIS_LOOP_31_343_fu_11877,,module_status45.csv
,grp_SABR_Pipeline_VITIS_LOOP_31_344_fu_11919,,module_status46.csv
,grp_SABR_Pipeline_VITIS_LOOP_31_345_fu_11961,,module_status47.csv
,grp_SABR_Pipeline_VITIS_LOOP_31_346_fu_12003,,module_status48.csv
,grp_SABR_Pipeline_VITIS_LOOP_31_347_fu_12045,,module_status49.csv
,grp_SABR_Pipeline_VITIS_LOOP_31_348_fu_12087,,module_status50.csv
,grp_SABR_Pipeline_VITIS_LOOP_31_349_fu_12129,,module_status51.csv
,grp_SABR_Pipeline_VITIS_LOOP_31_350_fu_12171,,module_status52.csv
,grp_SABR_Pipeline_VITIS_LOOP_31_351_fu_12213,,module_status53.csv
,grp_SABR_Pipeline_VITIS_LOOP_31_352_fu_12255,,module_status54.csv
,grp_SABR_Pipeline_VITIS_LOOP_31_353_fu_12297,,module_status55.csv
,grp_SABR_Pipeline_VITIS_LOOP_31_354_fu_12339,,module_status56.csv
,grp_SABR_Pipeline_VITIS_LOOP_31_355_fu_12381,,module_status57.csv
,grp_SABR_Pipeline_VITIS_LOOP_31_356_fu_12423,,module_status58.csv
,grp_SABR_Pipeline_VITIS_LOOP_31_357_fu_12465,,module_status59.csv
,grp_SABR_Pipeline_VITIS_LOOP_31_358_fu_12507,,module_status60.csv
,grp_SABR_Pipeline_VITIS_LOOP_31_359_fu_12549,,module_status61.csv
,grp_SABR_Pipeline_VITIS_LOOP_31_360_fu_12591,,module_status62.csv
,grp_SABR_Pipeline_VITIS_LOOP_31_361_fu_12633,,module_status63.csv
,grp_SABR_Pipeline_VITIS_LOOP_31_362_fu_12675,,module_status64.csv
,grp_SABR_Pipeline_VITIS_LOOP_31_363_fu_12717,,module_status65.csv
,grp_SABR_Pipeline_VITIS_LOOP_31_364_fu_12759,,module_status66.csv
,grp_SABR_Pipeline_VITIS_LOOP_31_365_fu_12801,,module_status67.csv
,grp_SABR_Pipeline_VITIS_LOOP_31_366_fu_12843,,module_status68.csv
,grp_SABR_Pipeline_VITIS_LOOP_31_367_fu_12885,,module_status69.csv
,grp_SABR_Pipeline_VITIS_LOOP_31_368_fu_12927,,module_status70.csv
,grp_SABR_Pipeline_VITIS_LOOP_31_369_fu_12969,,module_status71.csv
,grp_SABR_Pipeline_VITIS_LOOP_31_370_fu_13011,,module_status72.csv
,grp_SABR_Pipeline_VITIS_LOOP_31_371_fu_13053,,module_status73.csv
,grp_SABR_Pipeline_VITIS_LOOP_31_372_fu_13095,,module_status74.csv
,grp_SABR_Pipeline_VITIS_LOOP_31_373_fu_13137,,module_status75.csv
,grp_SABR_Pipeline_VITIS_LOOP_31_374_fu_13179,,module_status76.csv
,grp_SABR_Pipeline_VITIS_LOOP_31_375_fu_13221,,module_status77.csv
,grp_SABR_Pipeline_VITIS_LOOP_31_376_fu_13263,,module_status78.csv
,grp_SABR_Pipeline_VITIS_LOOP_31_377_fu_13305,,module_status79.csv
,grp_SABR_Pipeline_VITIS_LOOP_31_378_fu_13347,,module_status80.csv
,grp_SABR_Pipeline_VITIS_LOOP_31_379_fu_13389,,module_status81.csv
,grp_SABR_Pipeline_VITIS_LOOP_31_380_fu_13431,,module_status82.csv
,grp_SABR_Pipeline_VITIS_LOOP_31_381_fu_13473,,module_status83.csv
,grp_SABR_Pipeline_VITIS_LOOP_31_382_fu_13515,,module_status84.csv
,grp_SABR_Pipeline_VITIS_LOOP_31_383_fu_13557,,module_status85.csv
,grp_SABR_Pipeline_VITIS_LOOP_31_384_fu_13599,,module_status86.csv
,grp_SABR_Pipeline_VITIS_LOOP_31_385_fu_13641,,module_status87.csv
,grp_SABR_Pipeline_VITIS_LOOP_31_386_fu_13683,,module_status88.csv
,grp_SABR_Pipeline_VITIS_LOOP_31_387_fu_13725,,module_status89.csv
,grp_SABR_Pipeline_VITIS_LOOP_31_388_fu_13767,,module_status90.csv
,grp_SABR_Pipeline_VITIS_LOOP_31_389_fu_13809,,module_status91.csv
,grp_SABR_Pipeline_VITIS_LOOP_31_390_fu_13851,,module_status92.csv
,grp_SABR_Pipeline_VITIS_LOOP_31_391_fu_13893,,module_status93.csv
,grp_SABR_Pipeline_VITIS_LOOP_31_392_fu_13935,,module_status94.csv
,grp_SABR_Pipeline_VITIS_LOOP_31_393_fu_13977,,module_status95.csv
,grp_SABR_Pipeline_VITIS_LOOP_31_394_fu_14019,,module_status96.csv
,grp_SABR_Pipeline_VITIS_LOOP_31_395_fu_14061,,module_status97.csv
,grp_SABR_Pipeline_VITIS_LOOP_31_396_fu_14103,,module_status98.csv
,grp_SABR_Pipeline_VITIS_LOOP_31_397_fu_14145,,module_status99.csv
,grp_SABR_Pipeline_VITIS_LOOP_31_398_fu_14187,,module_status100.csv
,grp_SABR_Pipeline_VITIS_LOOP_31_399_fu_14229,,module_status101.csv
,grp_pow_generic_double_s_fu_28633,,module_status102.csv
