grp_GBM_Pipeline_VITIS_LOOP_28_3_fu_6206,VITIS_LOOP_28_3,upc_loop_status1.csv
grp_GBM_Pipeline_VITIS_LOOP_28_31_fu_6218,VITIS_LOOP_28_3,upc_loop_status2.csv
grp_GBM_Pipeline_VITIS_LOOP_28_32_fu_6230,VITIS_LOOP_28_3,upc_loop_status3.csv
grp_GBM_Pipeline_VITIS_LOOP_28_33_fu_6242,VITIS_LOOP_28_3,upc_loop_status4.csv
grp_GBM_Pipeline_VITIS_LOOP_28_34_fu_6254,VITIS_LOOP_28_3,upc_loop_status5.csv
grp_GBM_Pipeline_VITIS_LOOP_28_35_fu_6266,VITIS_LOOP_28_3,upc_loop_status6.csv
grp_GBM_Pipeline_VITIS_LOOP_28_36_fu_6278,VITIS_LOOP_28_3,upc_loop_status7.csv
grp_GBM_Pipeline_VITIS_LOOP_28_37_fu_6290,VITIS_LOOP_28_3,upc_loop_status8.csv
grp_GBM_Pipeline_VITIS_LOOP_28_38_fu_6302,VITIS_LOOP_28_3,upc_loop_status9.csv
grp_GBM_Pipeline_VITIS_LOOP_28_39_fu_6314,VITIS_LOOP_28_3,upc_loop_status10.csv
grp_GBM_Pipeline_VITIS_LOOP_28_310_fu_6326,VITIS_LOOP_28_3,upc_loop_status11.csv
grp_GBM_Pipeline_VITIS_LOOP_28_311_fu_6338,VITIS_LOOP_28_3,upc_loop_status12.csv
grp_GBM_Pipeline_VITIS_LOOP_28_312_fu_6350,VITIS_LOOP_28_3,upc_loop_status13.csv
grp_GBM_Pipeline_VITIS_LOOP_28_313_fu_6362,VITIS_LOOP_28_3,upc_loop_status14.csv
grp_GBM_Pipeline_VITIS_LOOP_28_314_fu_6374,VITIS_LOOP_28_3,upc_loop_status15.csv
grp_GBM_Pipeline_VITIS_LOOP_28_315_fu_6386,VITIS_LOOP_28_3,upc_loop_status16.csv
grp_GBM_Pipeline_VITIS_LOOP_28_316_fu_6398,VITIS_LOOP_28_3,upc_loop_status17.csv
grp_GBM_Pipeline_VITIS_LOOP_28_317_fu_6410,VITIS_LOOP_28_3,upc_loop_status18.csv
grp_GBM_Pipeline_VITIS_LOOP_28_318_fu_6422,VITIS_LOOP_28_3,upc_loop_status19.csv
grp_GBM_Pipeline_VITIS_LOOP_28_319_fu_6434,VITIS_LOOP_28_3,upc_loop_status20.csv
grp_GBM_Pipeline_VITIS_LOOP_28_320_fu_6446,VITIS_LOOP_28_3,upc_loop_status21.csv
grp_GBM_Pipeline_VITIS_LOOP_28_321_fu_6458,VITIS_LOOP_28_3,upc_loop_status22.csv
grp_GBM_Pipeline_VITIS_LOOP_28_322_fu_6470,VITIS_LOOP_28_3,upc_loop_status23.csv
grp_GBM_Pipeline_VITIS_LOOP_28_323_fu_6482,VITIS_LOOP_28_3,upc_loop_status24.csv
grp_GBM_Pipeline_VITIS_LOOP_28_324_fu_6494,VITIS_LOOP_28_3,upc_loop_status25.csv
grp_GBM_Pipeline_VITIS_LOOP_28_325_fu_6506,VITIS_LOOP_28_3,upc_loop_status26.csv
grp_GBM_Pipeline_VITIS_LOOP_28_326_fu_6518,VITIS_LOOP_28_3,upc_loop_status27.csv
grp_GBM_Pipeline_VITIS_LOOP_28_327_fu_6530,VITIS_LOOP_28_3,upc_loop_status28.csv
grp_GBM_Pipeline_VITIS_LOOP_28_328_fu_6542,VITIS_LOOP_28_3,upc_loop_status29.csv
grp_GBM_Pipeline_VITIS_LOOP_28_329_fu_6554,VITIS_LOOP_28_3,upc_loop_status30.csv
grp_GBM_Pipeline_VITIS_LOOP_28_330_fu_6566,VITIS_LOOP_28_3,upc_loop_status31.csv
grp_GBM_Pipeline_VITIS_LOOP_28_331_fu_6578,VITIS_LOOP_28_3,upc_loop_status32.csv
grp_GBM_Pipeline_VITIS_LOOP_28_332_fu_6590,VITIS_LOOP_28_3,upc_loop_status33.csv
grp_GBM_Pipeline_VITIS_LOOP_28_333_fu_6602,VITIS_LOOP_28_3,upc_loop_status34.csv
grp_GBM_Pipeline_VITIS_LOOP_28_334_fu_6614,VITIS_LOOP_28_3,upc_loop_status35.csv
grp_GBM_Pipeline_VITIS_LOOP_28_335_fu_6626,VITIS_LOOP_28_3,upc_loop_status36.csv
grp_GBM_Pipeline_VITIS_LOOP_28_336_fu_6638,VITIS_LOOP_28_3,upc_loop_status37.csv
grp_GBM_Pipeline_VITIS_LOOP_28_337_fu_6650,VITIS_LOOP_28_3,upc_loop_status38.csv
grp_GBM_Pipeline_VITIS_LOOP_28_338_fu_6662,VITIS_LOOP_28_3,upc_loop_status39.csv
grp_GBM_Pipeline_VITIS_LOOP_28_339_fu_6674,VITIS_LOOP_28_3,upc_loop_status40.csv
grp_GBM_Pipeline_VITIS_LOOP_28_340_fu_6686,VITIS_LOOP_28_3,upc_loop_status41.csv
grp_GBM_Pipeline_VITIS_LOOP_28_341_fu_6698,VITIS_LOOP_28_3,upc_loop_status42.csv
grp_GBM_Pipeline_VITIS_LOOP_28_342_fu_6710,VITIS_LOOP_28_3,upc_loop_status43.csv
grp_GBM_Pipeline_VITIS_LOOP_28_343_fu_6722,VITIS_LOOP_28_3,upc_loop_status44.csv
grp_GBM_Pipeline_VITIS_LOOP_28_344_fu_6734,VITIS_LOOP_28_3,upc_loop_status45.csv
grp_GBM_Pipeline_VITIS_LOOP_28_345_fu_6746,VITIS_LOOP_28_3,upc_loop_status46.csv
grp_GBM_Pipeline_VITIS_LOOP_28_346_fu_6758,VITIS_LOOP_28_3,upc_loop_status47.csv
grp_GBM_Pipeline_VITIS_LOOP_28_347_fu_6770,VITIS_LOOP_28_3,upc_loop_status48.csv
grp_GBM_Pipeline_VITIS_LOOP_28_348_fu_6782,VITIS_LOOP_28_3,upc_loop_status49.csv
grp_GBM_Pipeline_VITIS_LOOP_28_349_fu_6794,VITIS_LOOP_28_3,upc_loop_status50.csv
grp_GBM_Pipeline_VITIS_LOOP_28_350_fu_6806,VITIS_LOOP_28_3,upc_loop_status51.csv
grp_GBM_Pipeline_VITIS_LOOP_28_351_fu_6818,VITIS_LOOP_28_3,upc_loop_status52.csv
grp_GBM_Pipeline_VITIS_LOOP_28_352_fu_6830,VITIS_LOOP_28_3,upc_loop_status53.csv
grp_GBM_Pipeline_VITIS_LOOP_28_353_fu_6842,VITIS_LOOP_28_3,upc_loop_status54.csv
grp_GBM_Pipeline_VITIS_LOOP_28_354_fu_6854,VITIS_LOOP_28_3,upc_loop_status55.csv
grp_GBM_Pipeline_VITIS_LOOP_28_355_fu_6866,VITIS_LOOP_28_3,upc_loop_status56.csv
grp_GBM_Pipeline_VITIS_LOOP_28_356_fu_6878,VITIS_LOOP_28_3,upc_loop_status57.csv
grp_GBM_Pipeline_VITIS_LOOP_28_357_fu_6890,VITIS_LOOP_28_3,upc_loop_status58.csv
grp_GBM_Pipeline_VITIS_LOOP_28_358_fu_6902,VITIS_LOOP_28_3,upc_loop_status59.csv
grp_GBM_Pipeline_VITIS_LOOP_28_359_fu_6914,VITIS_LOOP_28_3,upc_loop_status60.csv
grp_GBM_Pipeline_VITIS_LOOP_28_360_fu_6926,VITIS_LOOP_28_3,upc_loop_status61.csv
grp_GBM_Pipeline_VITIS_LOOP_28_361_fu_6938,VITIS_LOOP_28_3,upc_loop_status62.csv
grp_GBM_Pipeline_VITIS_LOOP_28_362_fu_6950,VITIS_LOOP_28_3,upc_loop_status63.csv
grp_GBM_Pipeline_VITIS_LOOP_28_363_fu_6962,VITIS_LOOP_28_3,upc_loop_status64.csv
grp_GBM_Pipeline_VITIS_LOOP_28_364_fu_6974,VITIS_LOOP_28_3,upc_loop_status65.csv
grp_GBM_Pipeline_VITIS_LOOP_28_365_fu_6986,VITIS_LOOP_28_3,upc_loop_status66.csv
grp_GBM_Pipeline_VITIS_LOOP_28_366_fu_6998,VITIS_LOOP_28_3,upc_loop_status67.csv
grp_GBM_Pipeline_VITIS_LOOP_28_367_fu_7010,VITIS_LOOP_28_3,upc_loop_status68.csv
grp_GBM_Pipeline_VITIS_LOOP_28_368_fu_7022,VITIS_LOOP_28_3,upc_loop_status69.csv
grp_GBM_Pipeline_VITIS_LOOP_28_369_fu_7034,VITIS_LOOP_28_3,upc_loop_status70.csv
grp_GBM_Pipeline_VITIS_LOOP_28_370_fu_7046,VITIS_LOOP_28_3,upc_loop_status71.csv
grp_GBM_Pipeline_VITIS_LOOP_28_371_fu_7058,VITIS_LOOP_28_3,upc_loop_status72.csv
grp_GBM_Pipeline_VITIS_LOOP_28_372_fu_7070,VITIS_LOOP_28_3,upc_loop_status73.csv
grp_GBM_Pipeline_VITIS_LOOP_28_373_fu_7082,VITIS_LOOP_28_3,upc_loop_status74.csv
grp_GBM_Pipeline_VITIS_LOOP_28_374_fu_7094,VITIS_LOOP_28_3,upc_loop_status75.csv
grp_GBM_Pipeline_VITIS_LOOP_28_375_fu_7106,VITIS_LOOP_28_3,upc_loop_status76.csv
grp_GBM_Pipeline_VITIS_LOOP_28_376_fu_7118,VITIS_LOOP_28_3,upc_loop_status77.csv
grp_GBM_Pipeline_VITIS_LOOP_28_377_fu_7130,VITIS_LOOP_28_3,upc_loop_status78.csv
grp_GBM_Pipeline_VITIS_LOOP_28_378_fu_7142,VITIS_LOOP_28_3,upc_loop_status79.csv
grp_GBM_Pipeline_VITIS_LOOP_28_379_fu_7154,VITIS_LOOP_28_3,upc_loop_status80.csv
grp_GBM_Pipeline_VITIS_LOOP_28_380_fu_7166,VITIS_LOOP_28_3,upc_loop_status81.csv
grp_GBM_Pipeline_VITIS_LOOP_28_381_fu_7178,VITIS_LOOP_28_3,upc_loop_status82.csv
grp_GBM_Pipeline_VITIS_LOOP_28_382_fu_7190,VITIS_LOOP_28_3,upc_loop_status83.csv
grp_GBM_Pipeline_VITIS_LOOP_28_383_fu_7202,VITIS_LOOP_28_3,upc_loop_status84.csv
grp_GBM_Pipeline_VITIS_LOOP_28_384_fu_7214,VITIS_LOOP_28_3,upc_loop_status85.csv
grp_GBM_Pipeline_VITIS_LOOP_28_385_fu_7226,VITIS_LOOP_28_3,upc_loop_status86.csv
grp_GBM_Pipeline_VITIS_LOOP_28_386_fu_7238,VITIS_LOOP_28_3,upc_loop_status87.csv
grp_GBM_Pipeline_VITIS_LOOP_28_387_fu_7250,VITIS_LOOP_28_3,upc_loop_status88.csv
grp_GBM_Pipeline_VITIS_LOOP_28_388_fu_7262,VITIS_LOOP_28_3,upc_loop_status89.csv
grp_GBM_Pipeline_VITIS_LOOP_28_389_fu_7274,VITIS_LOOP_28_3,upc_loop_status90.csv
grp_GBM_Pipeline_VITIS_LOOP_28_390_fu_7286,VITIS_LOOP_28_3,upc_loop_status91.csv
grp_GBM_Pipeline_VITIS_LOOP_28_391_fu_7298,VITIS_LOOP_28_3,upc_loop_status92.csv
grp_GBM_Pipeline_VITIS_LOOP_28_392_fu_7310,VITIS_LOOP_28_3,upc_loop_status93.csv
grp_GBM_Pipeline_VITIS_LOOP_28_393_fu_7322,VITIS_LOOP_28_3,upc_loop_status94.csv
grp_GBM_Pipeline_VITIS_LOOP_28_394_fu_7334,VITIS_LOOP_28_3,upc_loop_status95.csv
grp_GBM_Pipeline_VITIS_LOOP_28_395_fu_7346,VITIS_LOOP_28_3,upc_loop_status96.csv
grp_GBM_Pipeline_VITIS_LOOP_28_396_fu_7358,VITIS_LOOP_28_3,upc_loop_status97.csv
grp_GBM_Pipeline_VITIS_LOOP_28_397_fu_7370,VITIS_LOOP_28_3,upc_loop_status98.csv
grp_GBM_Pipeline_VITIS_LOOP_28_398_fu_7382,VITIS_LOOP_28_3,upc_loop_status99.csv
grp_GBM_Pipeline_VITIS_LOOP_28_399_fu_7394,VITIS_LOOP_28_3,upc_loop_status100.csv
