,AESL_inst_GBM,,module_status1.csv
,grp_GBM_Pipeline_VITIS_LOOP_28_3_fu_6206,,module_status2.csv
,grp_GBM_Pipeline_VITIS_LOOP_28_31_fu_6218,,module_status3.csv
,grp_GBM_Pipeline_VITIS_LOOP_28_32_fu_6230,,module_status4.csv
,grp_GBM_Pipeline_VITIS_LOOP_28_33_fu_6242,,module_status5.csv
,grp_GBM_Pipeline_VITIS_LOOP_28_34_fu_6254,,module_status6.csv
,grp_GBM_Pipeline_VITIS_LOOP_28_35_fu_6266,,module_status7.csv
,grp_GBM_Pipeline_VITIS_LOOP_28_36_fu_6278,,module_status8.csv
,grp_GBM_Pipeline_VITIS_LOOP_28_37_fu_6290,,module_status9.csv
,grp_GBM_Pipeline_VITIS_LOOP_28_38_fu_6302,,module_status10.csv
,grp_GBM_Pipeline_VITIS_LOOP_28_39_fu_6314,,module_status11.csv
,grp_GBM_Pipeline_VITIS_LOOP_28_310_fu_6326,,module_status12.csv
,grp_GBM_Pipeline_VITIS_LOOP_28_311_fu_6338,,module_status13.csv
,grp_GBM_Pipeline_VITIS_LOOP_28_312_fu_6350,,module_status14.csv
,grp_GBM_Pipeline_VITIS_LOOP_28_313_fu_6362,,module_status15.csv
,grp_GBM_Pipeline_VITIS_LOOP_28_314_fu_6374,,module_status16.csv
,grp_GBM_Pipeline_VITIS_LOOP_28_315_fu_6386,,module_status17.csv
,grp_GBM_Pipeline_VITIS_LOOP_28_316_fu_6398,,module_status18.csv
,grp_GBM_Pipeline_VITIS_LOOP_28_317_fu_6410,,module_status19.csv
,grp_GBM_Pipeline_VITIS_LOOP_28_318_fu_6422,,module_status20.csv
,grp_GBM_Pipeline_VITIS_LOOP_28_319_fu_6434,,module_status21.csv
,grp_GBM_Pipeline_VITIS_LOOP_28_320_fu_6446,,module_status22.csv
,grp_GBM_Pipeline_VITIS_LOOP_28_321_fu_6458,,module_status23.csv
,grp_GBM_Pipeline_VITIS_LOOP_28_322_fu_6470,,module_status24.csv
,grp_GBM_Pipeline_VITIS_LOOP_28_323_fu_6482,,module_status25.csv
,grp_GBM_Pipeline_VITIS_LOOP_28_324_fu_6494,,module_status26.csv
,grp_GBM_Pipeline_VITIS_LOOP_28_325_fu_6506,,module_status27.csv
,grp_GBM_Pipeline_VITIS_LOOP_28_326_fu_6518,,module_status28.csv
,grp_GBM_Pipeline_VITIS_LOOP_28_327_fu_6530,,module_status29.csv
,grp_GBM_Pipeline_VITIS_LOOP_28_328_fu_6542,,module_status30.csv
,grp_GBM_Pipeline_VITIS_LOOP_28_329_fu_6554,,module_status31.csv
,grp_GBM_Pipeline_VITIS_LOOP_28_330_fu_6566,,module_status32.csv
,grp_GBM_Pipeline_VITIS_LOOP_28_331_fu_6578,,module_status33.csv
,grp_GBM_Pipeline_VITIS_LOOP_28_332_fu_6590,,module_status34.csv
,grp_GBM_Pipeline_VITIS_LOOP_28_333_fu_6602,,module_status35.csv
,grp_GBM_Pipeline_VITIS_LOOP_28_334_fu_6614,,module_status36.csv
,grp_GBM_Pipeline_VITIS_LOOP_28_335_fu_6626,,module_status37.csv
,grp_GBM_Pipeline_VITIS_LOOP_28_336_fu_6638,,module_status38.csv
,grp_GBM_Pipeline_VITIS_LOOP_28_337_fu_6650,,module_status39.csv
,grp_GBM_Pipeline_VITIS_LOOP_28_338_fu_6662,,module_status40.csv
,grp_GBM_Pipeline_VITIS_LOOP_28_339_fu_6674,,module_status41.csv
,grp_GBM_Pipeline_VITIS_LOOP_28_340_fu_6686,,module_status42.csv
,grp_GBM_Pipeline_VITIS_LOOP_28_341_fu_6698,,module_status43.csv
,grp_GBM_Pipeline_VITIS_LOOP_28_342_fu_6710,,module_status44.csv
,grp_GBM_Pipeline_VITIS_LOOP_28_343_fu_6722,,module_status45.csv
,grp_GBM_Pipeline_VITIS_LOOP_28_344_fu_6734,,module_status46.csv
,grp_GBM_Pipeline_VITIS_LOOP_28_345_fu_6746,,module_status47.csv
,grp_GBM_Pipeline_VITIS_LOOP_28_346_fu_6758,,module_status48.csv
,grp_GBM_Pipeline_VITIS_LOOP_28_347_fu_6770,,module_status49.csv
,grp_GBM_Pipeline_VITIS_LOOP_28_348_fu_6782,,module_status50.csv
,grp_GBM_Pipeline_VITIS_LOOP_28_349_fu_6794,,module_status51.csv
,grp_GBM_Pipeline_VITIS_LOOP_28_350_fu_6806,,module_status52.csv
,grp_GBM_Pipeline_VITIS_LOOP_28_351_fu_6818,,module_status53.csv
,grp_GBM_Pipeline_VITIS_LOOP_28_352_fu_6830,,module_status54.csv
,grp_GBM_Pipeline_VITIS_LOOP_28_353_fu_6842,,module_status55.csv
,grp_GBM_Pipeline_VITIS_LOOP_28_354_fu_6854,,module_status56.csv
,grp_GBM_Pipeline_VITIS_LOOP_28_355_fu_6866,,module_status57.csv
,grp_GBM_Pipeline_VITIS_LOOP_28_356_fu_6878,,module_status58.csv
,grp_GBM_Pipeline_VITIS_LOOP_28_357_fu_6890,,module_status59.csv
,grp_GBM_Pipeline_VITIS_LOOP_28_358_fu_6902,,module_status60.csv
,grp_GBM_Pipeline_VITIS_LOOP_28_359_fu_6914,,module_status61.csv
,grp_GBM_Pipeline_VITIS_LOOP_28_360_fu_6926,,module_status62.csv
,grp_GBM_Pipeline_VITIS_LOOP_28_361_fu_6938,,module_status63.csv
,grp_GBM_Pipeline_VITIS_LOOP_28_362_fu_6950,,module_status64.csv
,grp_GBM_Pipeline_VITIS_LOOP_28_363_fu_6962,,module_status65.csv
,grp_GBM_Pipeline_VITIS_LOOP_28_364_fu_6974,,module_status66.csv
,grp_GBM_Pipeline_VITIS_LOOP_28_365_fu_6986,,module_status67.csv
,grp_GBM_Pipeline_VITIS_LOOP_28_366_fu_6998,,module_status68.csv
,grp_GBM_Pipeline_VITIS_LOOP_28_367_fu_7010,,module_status69.csv
,grp_GBM_Pipeline_VITIS_LOOP_28_368_fu_7022,,module_status70.csv
,grp_GBM_Pipeline_VITIS_LOOP_28_369_fu_7034,,module_status71.csv
,grp_GBM_Pipeline_VITIS_LOOP_28_370_fu_7046,,module_status72.csv
,grp_GBM_Pipeline_VITIS_LOOP_28_371_fu_7058,,module_status73.csv
,grp_GBM_Pipeline_VITIS_LOOP_28_372_fu_7070,,module_status74.csv
,grp_GBM_Pipeline_VITIS_LOOP_28_373_fu_7082,,module_status75.csv
,grp_GBM_Pipeline_VITIS_LOOP_28_374_fu_7094,,module_status76.csv
,grp_GBM_Pipeline_VITIS_LOOP_28_375_fu_7106,,module_status77.csv
,grp_GBM_Pipeline_VITIS_LOOP_28_376_fu_7118,,module_status78.csv
,grp_GBM_Pipeline_VITIS_LOOP_28_377_fu_7130,,module_status79.csv
,grp_GBM_Pipeline_VITIS_LOOP_28_378_fu_7142,,module_status80.csv
,grp_GBM_Pipeline_VITIS_LOOP_28_379_fu_7154,,module_status81.csv
,grp_GBM_Pipeline_VITIS_LOOP_28_380_fu_7166,,module_status82.csv
,grp_GBM_Pipeline_VITIS_LOOP_28_381_fu_7178,,module_status83.csv
,grp_GBM_Pipeline_VITIS_LOOP_28_382_fu_7190,,module_status84.csv
,grp_GBM_Pipeline_VITIS_LOOP_28_383_fu_7202,,module_status85.csv
,grp_GBM_Pipeline_VITIS_LOOP_28_384_fu_7214,,module_status86.csv
,grp_GBM_Pipeline_VITIS_LOOP_28_385_fu_7226,,module_status87.csv
,grp_GBM_Pipeline_VITIS_LOOP_28_386_fu_7238,,module_status88.csv
,grp_GBM_Pipeline_VITIS_LOOP_28_387_fu_7250,,module_status89.csv
,grp_GBM_Pipeline_VITIS_LOOP_28_388_fu_7262,,module_status90.csv
,grp_GBM_Pipeline_VITIS_LOOP_28_389_fu_7274,,module_status91.csv
,grp_GBM_Pipeline_VITIS_LOOP_28_390_fu_7286,,module_status92.csv
,grp_GBM_Pipeline_VITIS_LOOP_28_391_fu_7298,,module_status93.csv
,grp_GBM_Pipeline_VITIS_LOOP_28_392_fu_7310,,module_status94.csv
,grp_GBM_Pipeline_VITIS_LOOP_28_393_fu_7322,,module_status95.csv
,grp_GBM_Pipeline_VITIS_LOOP_28_394_fu_7334,,module_status96.csv
,grp_GBM_Pipeline_VITIS_LOOP_28_395_fu_7346,,module_status97.csv
,grp_GBM_Pipeline_VITIS_LOOP_28_396_fu_7358,,module_status98.csv
,grp_GBM_Pipeline_VITIS_LOOP_28_397_fu_7370,,module_status99.csv
,grp_GBM_Pipeline_VITIS_LOOP_28_398_fu_7382,,module_status100.csv
,grp_GBM_Pipeline_VITIS_LOOP_28_399_fu_7394,,module_status101.csv
